summary,description,priority_name,issuetype_name,summary_char_count,summary_word_count,description_char_count,description_word_count,duration_category
404 error while creating new contact information from checkout page,"Steps to regenerate: 1) Register as a new customer or log in using valid customer credentials on e-commerce ([https://demo-trunk.ofbiz.apache.org/ecommerce).] 2) Add any item to cart. (I added GZ-1000 (Tiny Gizmo) 3) After adding the item click on ""View Cart"" from top of the screen. Shopping cart detail will be displayed. 4) Click on the Checkout button. A screen will appear to select shipping address and other detail. 5) Click on New Address link from the ""Where shall we ship it?"" section. A screen with the name ""Create New Contact Information"" appears. 6) Now click on the ""Go Back"" button to go back to the previous page. 404 error appears with the message ""The requested URL /ecommerce/control/checkoutshippingaddress was not found on this server.""",Minor,Bug,67,10,758,122,Standard
Support to update microservice properties to the registration center.,,Major,New Feature,69,9,0,0,Standard
camel-azure-key-vault - Add dev console for secrets,,Major,Sub-task,51,7,0,0,Standard
Race during concurrent node stop and cache creation,"When node attempts to create a cache and is being stopped, both processes hang. The hang happens because gateway is blocked and cache create future is not cancelled.",Major,Bug,51,8,165,28,Standard
Do not include hadoop in flink-dist by default,In order to build a hadoop-free Flink it is currently necessary to activate the {{without-hadoop}} profile. We should revert this so that flink-dist is hadoop-free by default.,Major,Sub-task,46,8,175,27,Long-running
Enable Map Join [Spark Branch],"Since all the related issues have been identified and tracked by related JIRAs, in this JIRA we turn on the map join optimization for Spark branch.",Major,Sub-task,30,5,147,26,Standard
Implement 'checkout' operation for Git component,Triggered by this [http://camel.465427.n5.nabble.com/Checkout-tag-using-Git-component-td5827950.html],Minor,Improvement,48,6,101,4,Standard
Disable new Clang warnings to fix build for now,"Apple pushed an XCode update a couple of days ago to version ` Apple clang version 11.0.0 (clang-1100.0.33.8)`. This version flags some new warnings in our code, and since we have warnings-as-errors turned on we blow up. Fixing these warnings is non-trivial, so we need to disable them in the top-level CMakeLists.txt and file another Jira issue to do the real fix. * Steps to repro: Sync up to the latest `develop` branch of Native Client on a Mac and build * Expected Result: Geode Native builds, and produces our libraries * Actual Result: Clang warns about ""implicitly deleted copy/move ctors declared as default"" in a product header, gives a warning about UTF-8 string literals in test code, then build fails.",Major,Bug,47,9,714,121,Short
Coverity fixes for v6.0.0 by zwoop,Starting a new Jira for Coverity fixes for me.,Major,Bug,34,6,46,9,Long-running
Hunt down ClientConfiguration warnings,"Still noticing this warning message a bunch {noformat} 2015-06-01 12:51:20,835 [client.ClientConfiguration] WARN : Client configuration constructed with a Configuration that did not have list delimiter disabled or overridden, multi-valued config properties may be unavailable {noformat} Hunt them down and get rid of them.",Minor,Bug,38,4,322,43,Short
Cumulative RGC stats always shows timeActive=0,The hourly Revision GC stats summary always prints timeActive=0. This is confusing and should be fixed.,Minor,Bug,46,6,103,16,Standard
Manual config changes for nn get reset on stop/start from hmc,Manual config changes for nn get reset on stop/start from hmc,Major,Bug,61,11,61,11,Standard
"PySpark DenseVector, SparseVector should override __eq__ and __hash__","See [SPARK-9750]. PySpark DenseVector and SparseVector do not override the equality operator properly. They should use semantics, not representation, for comparison. (This is what Scala currently does.)",Critical,Bug,69,8,202,27,Long-running
Problems with maxMergeDocs parameter,"I found two possible problems regarding IndexWriter's maxMergeDocs value. I'm using the following code to test maxMergeDocs: {code:java} public void testMaxMergeDocs() throws IOException { final int maxMergeDocs = 50; final int numSegments = 40; MockRAMDirectory dir = new MockRAMDirectory(); IndexWriter writer = new IndexWriter(dir, new WhitespaceAnalyzer(), true); writer.setMergePolicy(new LogDocMergePolicy()); writer.setMaxMergeDocs(maxMergeDocs); Document doc = new Document(); doc.add(new Field(""field"", ""aaa"", Field.Store.YES, Field.Index.TOKENIZED, Field.TermVector.WITH_POSITIONS_OFFSETS)); for (int i = 0; i < numSegments * maxMergeDocs; i++) { writer.addDocument(doc); //writer.flush(); // uncomment to avoid the DocumentsWriter bug } writer.close(); new SegmentInfos.FindSegmentsFile(dir) { protected Object doBody(String segmentFileName) throws CorruptIndexException, IOException { SegmentInfos infos = new SegmentInfos(); infos.read(directory, segmentFileName); for (int i = 0; i < infos.size(); i++) { assertTrue(infos.info(i).docCount <= maxMergeDocs); } return null; } }.run(); } {code} - It seems that DocumentsWriter does not obey the maxMergeDocs parameter. If I don't flush manually, then the index only contains one segment at the end and the test fails. - If I flush manually after each addDocument() call, then the index contains more segments. But still, there are segments that contain more docs than maxMergeDocs, e. g. 55 vs. 50. The javadoc in IndexWriter says: {code:java} /** * Returns the largest number of documents allowed in a * single segment. * * @see #setMaxMergeDocs */ public int getMaxMergeDocs() { return getLogDocMergePolicy().getMaxMergeDocs(); } {code}",Minor,Bug,36,4,1699,216,Standard
Polish maven tasks,"Right now, we have several Maven calls that perform something similar. For example the maven-enforce Maven version. {code} 2022-11-14T09:33:38.2668115Z [INFO] ----------------< org.apache.zeppelin:zeppelin-common >----------------- 2022-11-14T09:33:38.2669048Z [INFO] Building Zeppelin: Common 0.11.0-SNAPSHOT [3/26] 2022-11-14T09:33:38.2670464Z [INFO] --------------------------------[ jar ]--------------------------------- 2022-11-14T09:33:38.2839653Z [INFO] 2022-11-14T09:33:38.2841728Z [INFO] --- maven-enforcer-plugin:3.0.0-M3:enforce (enforce-maven-version) @ zeppelin-common --- 2022-11-14T09:33:38.2847112Z [INFO] 2022-11-14T09:33:38.2848797Z [INFO] --- maven-enforcer-plugin:3.0.0-M3:enforce (enforce-java-version) @ zeppelin-common --- 2022-11-14T09:33:38.2854189Z [INFO] 2022-11-14T09:33:38.2855656Z [INFO] --- maven-enforcer-plugin:3.0.0-M3:enforce (enforce) @ zeppelin-common --- 2022-11-14T09:33:38.3116823Z [INFO] 2022-11-14T09:33:38.3118237Z [INFO] --- maven-enforcer-plugin:3.0.0-M3:enforce (enforce-maven) @ zeppelin-common --- {code} and maven-remote-resources-plugin:process {code} 2022-11-14T09:33:42.6008201Z [INFO] --- maven-remote-resources-plugin:1.7.0:process (process-resource-bundles) @ zeppelin-common --- 2022-11-14T09:33:42.6025655Z [INFO] Preparing remote bundle org.apache:apache-jar-resource-bundle:1.4 2022-11-14T09:33:42.6052046Z [INFO] Copying 3 resources from 1 bundle. 2022-11-14T09:33:42.6260593Z [INFO] 2022-11-14T09:33:42.6269641Z [INFO] --- maven-remote-resources-plugin:1.7.0:process (process-remote-resources) @ zeppelin-common --- 2022-11-14T09:33:42.6285560Z [INFO] Preparing remote bundle org.apache:apache-jar-resource-bundle:1.0 2022-11-14T09:33:42.6317764Z [INFO] Copying 2 resources from 1 bundle. {code}",Major,Sub-task,18,3,1757,126,Standard
Fix C++ client build on Centos 7 and OSX,compile issue on CentOS 7: {quote}In file included from /root/default/private-drill/contrib/native/client/src/clientlib/utils.cpp:22:0: /root/default/private-drill/contrib/native/client/src/clientlib/logger.hpp: In constructor 'Drill::Logger::Logger()': /root/default/private-drill/contrib/native/client/src/clientlib/logger.hpp:38:29: error: 'cout' is not a member of 'std' m_pOutStream = &std::cout; ^ make[2]: *** [src/clientlib/CMakeFiles/drillClient.dir/utils.cpp.o] Error 1 make[1]: *** [src/clientlib/CMakeFiles/drillClient.dir/all] Error 2 make: *** [all] Error 2 {quote} OSX - has this compile error: {quote}In file included from /Users/mapr/private-drill/contrib/native/client/src/clientlib/drillClientImpl.cpp:34: /Users/mapr/private-drill/contrib/native/client/src/clientlib/drillClientImpl.hpp:185:39: error: 'm_bHasError' is a private member of 'Drill::DrillClientQueryHandle' void setHasError(bool hasError) Unknown macro: \{ m_bHasError = hasError; } ^ /Users/mapr/private-drill/contrib/native/client/src/clientlib/drillClientImpl.hpp:158:10: note: declared private here bool m_bHasError; ^ {quote},Major,Bug,40,9,1114,83,Standard
Stopped node viewed remotely reports stale replication transaction id,"I have a HA group formed of three nodes. I stop one the nodes using the Stop button on its VHN tab. The node stops correctly and temporarily detaches from the group leaving the two remaining nodes providing service. If I then observe the group from the VHN tab of either of the two remaining nodes, I see the role of the stopped node as UNKNOWN (correct behaviour), but the replication transaction id is still populated (with the last known value). This information is stale and might mislead the user. In the case where the group has suffered a network partition the value could be wrong. A node should discard the remote replication transaction id when it looses contact with the remote node and should display N/A.",Minor,Bug,69,9,717,127,Standard
testGetTokensForHftpFS() fails,org.apache.hadoop.mapreduce.security.TestTokenCache.testGetTokensForHftpFS fails. Looks like it may have been introduced with HADOOP-7808,Blocker,Bug,30,2,137,11,Long-running
tablet merge stuck,"After 14 hours of randomwalk, a merge operation appeared to be stuck. Garbage collector was stuck, some tablets were offline: ||\# Online Tablet Servers|| \# Total Tablet Servers|| Loggers Last GC ||\# Tablets ||\# Unassigned||Tablets||Entries||Ingest||Query||Hold Time||OS Load|| |10 |10 |10 |*Running 2/29/12 12:14 PM* |299 |*4* |277.50M |311 |5.53K |— |0.50| Garbage collector could not get a consistent !METADATA table scan: {noformat} 29 13:04:10,808 [util.TabletIterator] INFO : Resetting !METADATA scanner to [24q;5f83b8f927c41c9d%00; : [] 9223372036854775807 false,~ : [] 9223372036854775807 false) 29 13:04:11,071 [util.TabletIterator] INFO : Metadata inconsistency : 1419e44259517c51 != 5f83b8f927c41c9d metadataKey = 24q< ~tab:~pr [] 724883 false {noformat} Table (id 24q) had a merge in progress: {noformat} ./bin/accumulo org.apache.accumulo.server.fate.Admin print txid: 7bea12fa46c40a72 status: IN_PROGRESS op: BulkImport locked: [] locking: [R:24q] top: BulkImport txid: 08db6105a25c0788 status: IN_PROGRESS op: CloneTable locked: [] locking: [R:24q] top: CloneTable txid: 5f798db1cab5fdea status: IN_PROGRESS op: BulkImport locked: [] locking: [R:24q] top: BulkImport txid: 6aa9a8a9b36a4f4d status: IN_PROGRESS op: TableRangeOp locked: [] locking: [W:24q] top: TableRangeOp txid: 5c6e82e235ec3855 status: IN_PROGRESS op: TableRangeOp locked: [] locking: [W:24q] top: TableRangeOp txid: 653a9293ba9f1cdc status: IN_PROGRESS op: RenameTable locked: [] locking: [W:24q] top: RenameTable txid: 651c62eb37136b6e status: IN_PROGRESS op: TableRangeOp locked: [W:24q] locking: [] top: TableRangeOpWait {noformat} Scan of table 24q: {noformat} scan -b 24q; -e 24q< 24q;073b220b74a75059 loc:135396fb191d4b6 [] 192.168.117.6:9997 24q;073b220b74a75059 srv:compact [] 3 24q;073b220b74a75059 srv:dir [] /t-00031y0 24q;073b220b74a75059 srv:lock [] tservers/192.168.117.7:9997/zlock-0000000002$3353986642ea7f3 24q;073b220b74a75059 srv:time [] M0 24q;073b220b74a75059 ~tab:~pr [] \x00 24q;1419e44259517c51 loc:235396fb184b5cd [] 192.168.117.12:9997 24q;1419e44259517c51 srv:compact [] 3 24q;1419e44259517c51 srv:dir [] /t-00031y1 24q;1419e44259517c51 srv:lock [] tservers/192.168.117.7:9997/zlock-0000000002$3353986642ea7f3 24q;1419e44259517c51 srv:time [] M0 24q;1419e44259517c51 ~tab:~pr [] \x01073b220b74a75059 24q;51fc3e7faea2b7e9 chopped:chopped [] chopped 24q;51fc3e7faea2b7e9 srv:compact [] 3 24q;51fc3e7faea2b7e9 srv:dir [] /t-00031y2 24q;51fc3e7faea2b7e9 srv:lock [] tservers/192.168.117.7:9997/zlock-0000000002$3353986642ea7f3 24q;51fc3e7faea2b7e9 srv:time [] M0 24q;51fc3e7faea2b7e9 ~tab:~pr [] \x011419e44259517c51 24q;5e65b844f2c7f868 chopped:chopped [] chopped 24q;5e65b844f2c7f868 srv:compact [] 3 24q;5e65b844f2c7f868 srv:dir [] /t-00031e1 24q;5e65b844f2c7f868 srv:lock [] tservers/192.168.117.7:9997/zlock-0000000002$3353986642ea7f3 24q;5e65b844f2c7f868 srv:time [] M0 24q;5e65b844f2c7f868 ~tab:~pr [] \x0151fc3e7faea2b7e9 24q;5f83b8f927c41c9d chopped:chopped [] chopped 24q;5f83b8f927c41c9d srv:compact [] 3 24q;5f83b8f927c41c9d srv:dir [] /t-000329w 24q;5f83b8f927c41c9d srv:lock [] tservers/192.168.117.6:9997/zlock-0000000002$135396fb191c4f3 24q;5f83b8f927c41c9d srv:time [] M0 24q;5f83b8f927c41c9d ~tab:~pr [] \x015e65b844f2c7f868 24q< chopped:chopped [] chopped 24q< srv:compact [] 3 24q< srv:dir [] /default_tablet 24q< srv:lock [] tservers/192.168.117.6:9997/zlock-0000000002$135396fb191c4f3 24q< srv:time [] M0 24q< ~tab:~pr [] \x011419e44259517c51 {noformat} Master Logs {noformat} 29 13:11:49,903 [state.MergeStats] INFO : Computing next merge state for 24q;6badf28df1d8ece7;37f3488aa92ac056 which is presently MERGING isDelete : false 29 13:11:49,903 [state.MergeStats] INFO : 4 tablets are unassigned 24q;6badf28df1d8ece7;37f3488aa92ac056 {noformat} The final consistency check is failing because the merge is partially complete. The final step is not ""adampotent"" enough: partial execution leaves the Repo in a state in which it cannot continue after restart.",Major,Bug,18,3,3990,417,Short
math function: radians,Alias toRadians -> radians in FunctionRegistry.,Major,Sub-task,22,3,47,6,Short
OGNL wraps Iterators,"I have just tried to use the Counter bean class (which implements Iterator) from WW1 like so: <ww:bean name=""com.myorg.myapp.util.Counter""> <ww:param name=""first"" value=""'1'""/> <ww:param name=""last"" value=""'9'""/> <ww:iterator value=""that""> <option value=""<ww:property value=""current""/>""><ww:property value=""current""/></option> </ww:iterator> </ww:bean> I get this error: ""org.apache.jasper.JasperException: can't set property first on Iterator"" which I have traced to being thrown from OGNL during the set operation. When I remove the Iterator interface from the Counter bean and recompile OGNL sets the property fine. It appears that OGNL does not allow you to set properties on objects that implement Iterator. Maybe OGNL wraps Iterators in order to give them extra functionality but in the process hides the original obejct. John.",Critical,Bug,20,3,833,110,Long-running
Create JMX layer for managing endpoints,,Major,New Feature,39,6,0,0,Long-running
move getKeyRange into CFS,CFS is the natural home for this code,Normal,Task,25,4,37,8,Short
ConstantInitializerTest fails when building with IBM JDK 7,Found by Jörg Schaible during the vote for 3.2.1 RC1 [1]: {code} ========================== %< ==================== Failed tests: ConstantInitializerTest.testToString:122 Wrong string: ConstantInitializer@-669671219 [ object = 42 ] ========================== %< ==================== {code} [1] http://markmail.org/message/7exdutk2cktec2yy,Major,Bug,58,8,338,32,Long-running
AES256 and AES192 requires unlimited cryptography extension,"SshServer.setUpDefaultServer() advertizes AES192CBC and AES256CBC, as supported ciphers from the server, but without the unlimited cryptography extension JDK refuses to handle AES above 128bits. So the net result is that if the result of the negotiation chooses AES256CBC, the server fails with the following exception: {noformat} java.security.InvalidKeyException: Illegal key size at javax.crypto.Cipher.a(DashoA13*..) at javax.crypto.Cipher.init(DashoA13*..) at javax.crypto.Cipher.init(DashoA13*..) at org.apache.sshd.common.cipher.BaseCipher.init(BaseCipher.java:60) at org.apache.sshd.common.session.AbstractSession.receiveNewKeys(AbstractSession.java:723) at org.apache.sshd.server.session.ServerSession.handleMessage(ServerSession.java:158) at org.apache.sshd.common.session.AbstractSession.decode(AbstractSession.java:490) at org.apache.sshd.common.session.AbstractSession.messageReceived(AbstractSession.java:214) at org.apache.sshd.common.AbstractSessionIoHandler.messageReceived(AbstractSessionIoHandler.java:58) {noformat} While one can manually work around the problem by resetting cipher factories, it's desirable for SSHD to check if it can really handle those ciphers before advertising them.",Major,Bug,59,7,1209,97,Standard
Opening a .doc file under iOS causes the file system API to break (and any other plugins that may use NSMutableArray pop),"After getting the UIWebView to navigate to a .doc the FileSystem API breaks. in javascript: FileSystem.root.getFile(<path to word document>, { create: false }, function (fs_file){ window.location = fs_file.toURI(); } Then in the shouldStartLoadWithRequest method open the word doc, and after x seconds redirect it the home page again (faster than creating a new view controller etc). Once back on the home page try call any of the FileSystem API's and they won't run the success or failure callbacks. It seems that the control that opens the word documents overrides the NSMutableArray pop implementation added in NSMutableArray+QueueAdditions, it no longer returns the first element in the array, instead it returns the last element (checking the function pointer for pop before/after opening the word document returns different results). CDVFile seems to be the only code where the pop method is used, and seems to be the only part that is broken. Suggested fix: rather than calling [arguments pop] use [arguments objectAtIndex:0] Side note: Calling [arguments objectAtIndex:0] followed by VERIFY_ARGUMENTS won't call the callbacks if they exist either, in the verifyArgument method in CDVPlugin, if you pass a callbackId to the method it then does: NSString* callbackId = [arguments objectAtIndex:0]; and returns the failure to that callbackId rather than the one you specified, since the callbackId has been removed from the array it will try callback on the first parameter.",Critical,Bug,121,22,1479,227,Standard
"Making {max,min}SessionTimeout configurable for MiniZooKeeperCluster",Right now the mini cluster on application developers laptops keep crashing when the laptop goes to sleep because Zookeeper times out. We've seen this for a while and [~ekoontz] had worked on it before. Now that we tried to upgrade it's bitten us so we'd like to push this up as I'm sure we're not the only ones getting bitten by this.,Minor,Improvement,68,5,334,62,Standard
Upgrade Netty and Jackson for CVE fixes,There are a couple of CVEs for netty and Jackson: Netty: [CVE-2022-24823|https://www.cve.org/CVERecord?id=CVE-2022-24823] - Fixed by upgrading to 4.1.77+ Jackson: [CVE-2020-36518|https://www.cve.org/CVERecord?id=CVE-2020-36518] - Fixed by upgrading to 2.13.0+,Minor,Bug,39,7,259,26,Short
ResolverUtil should ignore org.apache.felix.framework.searchpolicy.ContentClassLoader for OSGI class loading,"org.apache.felix.framework.searchpolicy.ContentClassLoader is in OSGI env which is not URLClassloader, we should resort to the BundleDelegatingClassLoader in OSGI evniorment, so just ignore it in find method",Major,Improvement,108,8,207,25,Short
InterfaceAudience breaks 0.94 on older versions of hadoop,,Major,Bug,57,8,0,0,Short
JpegXMPWriter throws NullPointerException,"I am try to use the JpegXMPWriter to write xmp values from a Jpeg file. Using JpegImageParser, I can retrieve existing xmp values out the file fine. However, attempting to write back into the file produces an exception. byte[] b = null; String existingXMP = null; String newXMP = null; XMPMeta meta = null; Document licenseDoc = null; JpegImageParser parser = null; JpegXmpRewriter xmpWriter = null; ByteArrayOutputStream baos = null; b = new byte[is.available()]; // is is a jpeg input stream passed into the function. is.read(b); is.close(); parser = new JpegImageParser(); ByteSourceArray bs = new ByteSourceArray(b); existingXMP = parser.getXmpXml(bs, null); // works fine, passes back valid xmp from the file /* I did have other functionality here to manipulate the xmp which works fine, but I also ran the test without changing the xmp, with the same resulting exception. */ baos = new ByteArrayOutputStream(); xmpWriter.updateXmpXml(bs, baos, existingXMP); // NullPointerException occurs here. b = baos.toByteArray(); is = new ByteArrayInputStream(b); return is; Exception produced: java.lang.NullPointerException at au.gov.abs.manager.injector.jpeg.JPEGXMPInjector.doLicenseInsertionSan(JPEGXMPInjector.java:230) at au.gov.abs.manager.injector.jpeg.JPEGXMPInjector.doLicenseInsertionSan(JPEGXMPInjector.java:170) at au.gov.abs.manager.test.TestJPEGXMPInjector.testDoLicenseInsertionSan(TestJPEGXMPInjector.java:156) at sun.reflect.NativeMethodAccessorImpl.invoke0(Native Method) at sun.reflect.NativeMethodAccessorImpl.invoke(NativeMethodAccessorImpl.java:39) at sun.reflect.DelegatingMethodAccessorImpl.invoke(DelegatingMethodAccessorImpl.java:25) at java.lang.reflect.Method.invoke(Method.java:585) at org.junit.internal.runners.TestMethodRunner.executeMethodBody(TestMethodRunner.java:99) at org.junit.internal.runners.TestMethodRunner.runUnprotected(TestMethodRunner.java:81) at org.junit.internal.runners.BeforeAndAfterRunner.runProtected(BeforeAndAfterRunner.java:34) at org.junit.internal.runners.TestMethodRunner.runMethod(TestMethodRunner.java:75) at org.junit.internal.runners.TestMethodRunner.run(TestMethodRunner.java:45) at org.junit.internal.runners.TestClassMethodsRunner.invokeTestMethod(TestClassMethodsRunner.java:66) at org.junit.internal.runners.TestClassMethodsRunner.run(TestClassMethodsRunner.java:35) at org.junit.internal.runners.TestClassRunner$1.runUnprotected(TestClassRunner.java:42) at org.junit.internal.runners.BeforeAndAfterRunner.runProtected(BeforeAndAfterRunner.java:34) at org.junit.internal.runners.TestClassRunner.run(TestClassRunner.java:52) at org.eclipse.jdt.internal.junit4.runner.JUnit4TestReference.run(JUnit4TestReference.java:38) at org.eclipse.jdt.internal.junit.runner.TestExecution.run(TestExecution.java:38) at org.eclipse.jdt.internal.junit.runner.RemoteTestRunner.runTests(RemoteTestRunner.java:460) at org.eclipse.jdt.internal.junit.runner.RemoteTestRunner.runTests(RemoteTestRunner.java:673) at org.eclipse.jdt.internal.junit.runner.RemoteTestRunner.run(RemoteTestRunner.java:386) at org.eclipse.jdt.internal.junit.runner.RemoteTestRunner.main(RemoteTestRunner.java:196)",Major,Bug,41,3,3133,210,Short
Enforce granular role-based access control for host functions,Enforce granular role-based access control for host functions: || || Cluster\\User || Service\\Operator || Service\\Administrator || Cluster\\Operator || Cluster\\Administrator || Administrator || |Turn on/off maintenance mode | | | |(+)|(+)|(+)| |Add/Delete hosts | | | |(+)|(+)|(+)| |View host details |(+)|(+)| (+)|(+)|(+)|(+)| Entry points affected: * GET api/vi/hosts * GET api/vi/hosts/:host_name * POST api/vi/hosts/:host_name * PUT api/vi/hosts/:host_name * DELETE api/vi/hosts/:host_name,Critical,Task,61,8,496,59,Standard
Eliminate the findbugs warnings for hbase-common,,Major,Sub-task,48,6,0,0,Short
Rust: Optimize crates' size by disabling default features of the dependencies,"Inspired-by: [https://github.com/paupino/rust-decimal/blob/master/Cargo.toml] All dependencies are declared with ""{color:#cc7832}default-features {color}= false"" and then only the used features are listed explicitly. This may reduce the size of the dependency tree.",Major,Improvement,77,11,265,28,Short
[classlib][awt] ExceptionInInitializerError is thrown if call certain method like getFontName() on a Font object,"java.awt.Font(name, style, size) looks erroneous. ExceptionInInitializerError is thrown if call some method like getFontName() on just created Font object. Please, use the following test to reproduce the failure: import java.awt.Font; public class CFontTest { public static void main(String[] args) { try { Font f = new Font (""Arial"", 0, 10); System.out.println(""TEST PASSED: "" + f.getFontName()); } catch (Throwable e) { e.printStackTrace(); System.out.println(""TEST FAILED""); } } } Output on Harmony-r548255: Apache Harmony Launcher : (c) Copyright 1991, 2006 The Apache Software Foundation or its licensors, as applicable. java version ""1.5.0"" pre-alpha : not complete or compatible svn = r548255, (Jun 18 2007), Windows/ia32/msvc 1310, release build http://harmony.apache.org java.lang.ExceptionInInitializerError at java.awt.Font.getPeer(Font.java:865) at java.awt.Font.getFontName(Font.java:614) at CFontTest.main(CFontTest.java:8) Caused by: java.lang.NullPointerException at org.apache.harmony.awt.gl.font.FontManager.<clinit>(FontManager.java:245) at java.awt.Font.getPeer(Font.java:865) ... 2 more TEST FAILED Output on RI: java version ""1.5.0_11"" Java(TM) 2 Runtime Environment, Standard Edition (build 1.5.0_11-b03) Java HotSpot(TM) Client VM (build 1.5.0_11-b03, mixed mode) TEST PASSED: Arial Note that you may change f.getFontName() to f.canDisplay('a') or f.getFamily() result will be the same. Test org.apache.harmony.test.func.reg.jit.btest6569.Btest6569 from functional test suite (https://issues.apache.org/jira/browse/HARMONY-3528) fails because of this bug.",Major,Bug,112,14,1579,177,Standard
"When auto join convert is on and noconditionaltask is off, ConditionalResolverCommonJoin fails to resolve map joins.","I tried the following query today ... {code:sql} set mapred.job.map.memory.mb=2048; set mapred.job.reduce.memory.mb=2048; set mapred.map.child.java.opts=-server -Xmx3072m -Djava.net.preferIPv4Stack=true; set mapred.reduce.child.java.opts=-server -Xmx3072m -Djava.net.preferIPv4Stack=true; set mapred.reduce.tasks=60; set hive.stats.autogather=false; set hive.exec.parallel=false; set hive.enforce.bucketing=true; set hive.enforce.sorting=true; set hive.map.aggr=true; set hive.optimize.bucketmapjoin=true; set hive.optimize.bucketmapjoin.sortedmerge=true; set hive.mapred.reduce.tasks.speculative.execution=false; set hive.auto.convert.join=true; set hive.auto.convert.sortmerge.join=true; set hive.auto.convert.sortmerge.join.noconditionaltask=false; set hive.auto.convert.join.noconditionaltask=false; set hive.auto.convert.join.noconditionaltask.size=100000000; set hive.optimize.reducededuplication=true; set hive.optimize.reducededuplication.min.reducer=1; set hive.input.format=org.apache.hadoop.hive.ql.io.HiveInputFormat; set hive.mapjoin.smalltable.filesize=45000000; set hive.optimize.index.filter=false; set hive.vectorized.execution.enabled=false; set hive.optimize.correlation=false; select i_item_id, s_state, avg(ss_quantity) agg1, avg(ss_list_price) agg2, avg(ss_coupon_amt) agg3, avg(ss_sales_price) agg4 FROM store_sales JOIN date_dim on (store_sales.ss_sold_date_sk = date_dim.d_date_sk) JOIN item on (store_sales.ss_item_sk = item.i_item_sk) JOIN customer_demographics on (store_sales.ss_cdemo_sk = customer_demographics.cd_demo_sk) JOIN store on (store_sales.ss_store_sk = store.s_store_sk) where cd_gender = 'F' and cd_marital_status = 'U' and cd_education_status = 'Primary' and d_year = 2002 and s_state in ('GA','PA', 'LA', 'SC', 'MI', 'AL') group by i_item_id, s_state with rollup order by i_item_id, s_state limit 100; {code} The log shows ... {code} 14/03/14 17:05:02 INFO plan.ConditionalResolverCommonJoin: Failed to resolve driver alias (threshold : 45000000, length mapping : {store=94175, store_sales=48713909726, item=39798667, customer_demographics=1660831, date_dim=2275902}) Stage-27 is filtered out by condition resolver. 14/03/14 17:05:02 INFO exec.Task: Stage-27 is filtered out by condition resolver. Stage-28 is filtered out by condition resolver. 14/03/14 17:05:02 INFO exec.Task: Stage-28 is filtered out by condition resolver. Stage-3 is selected by condition resolver. {code} Stage-3 is a reduce join. Actually, the resolver should pick the map join",Blocker,Bug,116,16,2495,217,Standard
Quorum vote doesn't check for live,"The current quorum vote is broken as it only tries to connect to a another live broker, it should also ask if its live is up or down.",Major,Bug,34,6,133,28,Standard
CxfBcComponentTest tests failed caused by recent changes in cxf,get exception like javax.jbi.management.DeploymentException: org.apache.cxf.wsdl11.WSDLRuntimeException: Part header1 defined as element {uri:HelloWorld}HelloHeader1 which is not in the schema. seems the schema validation rule in cxf changes cause this problem,Major,Test,63,9,260,28,Standard
"SQL for MS SQL created by Empire-DB uses lcase(), but MS SQL Server doesn't know lcase() but lower()","SQL for MS SQL created by Empire-DB uses lcase(), but MS SQL Server doesn't know lcase() but lower(). Should be fixed in the DBDatabaseDriverMSSQL. It would be good to maybe also check the other functions.",Minor,Bug,100,18,205,35,Short
"Using MTOM and WS-Security leads to ""Attachment not found""","If using MTOM with WS-Security enabled, ids for XOP attachments will be URL encoded containing an UID and the namespace. If namespace contains characters that needs to be escaped WSS4J cannot find the correct attachment as content ID of attachment contains decoded namespace. Example: xopUri from soap body: cid:c6bc87d0-ba03-48b0-9141-396281c61989-3@urn%3Aa%3Ab%3Ac%3A1.0 content ID in attachment list: c6bc87d0-ba03-48b0-9141-396281c61989-3@urn:a:b:c:1.0 Solution: URL-decode the xopUri to find correct attachment in attachment list",Major,Bug,58,9,534,66,Short
Email Connector Missing Documents,"The email connector misses documents from the inbox/folder. In processDocuments the connector iterates through documents using i as an integer count. However, in the processing of attachments i appears to be incorrectly incremented in another for loop (line 563 and 582). As a result, each attachment or email body processed increments i and emails are missed from the main processing loop. End result is that emails on the server are identified in addSeedDocuments but not processed through to the output connector. I believe the fix to be a simple correction of the variable name on line 562 and 582",Major,Bug,33,4,601,99,Standard
DefaultShutdownCallbackRegistry can throw a NoClassDefFoundError,"When running the Maven goals for packaging my project an exception is thrown when the JVM exits.. {noformat} [INFO] ------------------------------------------------------------------------ [INFO] BUILD SUCCESS [INFO] ------------------------------------------------------------------------ [INFO] Total time: 01:36 min (Wall Clock) [INFO] Finished at: 2016-10-18T12:06:06+03:00 [INFO] Final Memory: 48M/626M [INFO] ------------------------------------------------------------------------ Exception in thread ""pool-1-thread-1"" java.lang.NoClassDefFoundError: org/apache/logging/log4j/message/ParameterizedMessage at org.apache.logging.log4j.message.ParameterizedNoReferenceMessageFactory.newMessage(ParameterizedNoReferenceMessageFactory.java:104) at org.apache.logging.log4j.message.AbstractMessageFactory.newMessage(AbstractMessageFactory.java:75) at org.apache.logging.log4j.spi.AbstractLogger.logMessage(AbstractLogger.java:2010) at org.apache.logging.log4j.spi.AbstractLogger.logIfEnabled(AbstractLogger.java:1884) at org.apache.logging.log4j.spi.AbstractLogger.error(AbstractLogger.java:793) at org.apache.logging.log4j.core.util.DefaultShutdownCallbackRegistry.run(DefaultShutdownCallbackRegistry.java:76) at java.lang.Thread.run(Thread.java:745) Caused by: java.lang.ClassNotFoundException: org.apache.logging.log4j.message.ParameterizedMessage at org.codehaus.plexus.classworlds.strategy.SelfFirstStrategy.loadClass(SelfFirstStrategy.java:50) at org.codehaus.plexus.classworlds.realm.ClassRealm.unsynchronizedLoadClass(ClassRealm.java:271) at org.codehaus.plexus.classworlds.realm.ClassRealm.loadClass(ClassRealm.java:247) at org.codehaus.plexus.classworlds.realm.ClassRealm.loadClass(ClassRealm.java:239) ... 7 more {noformat}",Major,Bug,64,5,1735,78,Long-running
PageCleanup may OME if many pages are cleared all at once,"in a situation that a lot of pages are released all at once, the page cleanup might get an OME. This is an issue after the new paging refactoring where I removed the page cache.",Major,Bug,57,11,177,35,Short
"Add support for ranger-docker and build to run on java11 using the ""ranger_in_docker"" dev-support script",,Major,Improvement,104,15,0,0,Short
Race in coordinator hits DCHECK on 'num_remaining_backends_ > 0',"Discovered while running 'test_finst_cancel_when_query_complete' in a loop trying to repro a different issue, there's a race in Coordinator::UpdateBackendExecStatus that causes Impala to crash on the 'DCHECK_GT(num_remaining_backends_, 0)' The problem is that only the first exec report returned for a particular backend after it has completed is supposed to hit line 992, where we decrease 'num_remaining_backends_'. Per the comments, this is supposed to be ensured by the BackendState::IsDone check on line 945. However, the check and the update aren't performed atomically, so you can have a situation where two threads enter UpdateBackendExecStatus at the same time, both check BackendState::IsDone and find it false, and then both proceed to update num_remaining_backends_, with the second one hitting the DCHECK.",Blocker,Bug,64,9,818,116,Long-running
STS onBehalfOf validation should throw exception for invalid tokens in issue operation,"The STS Token Issue operation allows for token validators. When the validator has an issue, the TokenIssueOperation class should throw an exception in the 'issueSingle' method. This exception will propogate to create a fault for the client.",Minor,Bug,86,12,240,37,Short
Build test jars for all Drill Modules,"Currently test jars are built only for common, storage-hive-core and java-exec project since the configuration is separately specified in each of these projects' pom.",Minor,Improvement,37,7,166,24,Standard
Truncate Table in MonetDB bulk loader throws NPE,"""Truncate Table"" check in MonetDB bulk loader throws NPE: {noformat} java.lang.NullPointerException at java.lang.Thread.run (Thread.java:834) at org.apache.hop.pipeline.transform.RunThread.run (RunThread.java:60) at org.apache.hop.pipeline.transforms.monetdbbulkloader.MonetDbBulkLoader.processRow (MonetDbBulkLoader.java:181) at org.apache.hop.pipeline.transforms.monetdbbulkloader.MonetDbBulkLoader.execute (MonetDbBulkLoader.java:119) at org.apache.hop.pipeline.transforms.monetdbbulkloader.MonetDbBulkLoader.truncate (MonetDbBulkLoader.java:364) at org.apache.hop.core.database.DatabaseMeta.getTruncateTableStatement (DatabaseMeta.java:1453) at org.apache.hop.core.database.DatabaseMeta.getQuotedSchemaTableCombination (DatabaseMeta.java:1122) at org.apache.hop.pipeline.transforms.monetdbbulkloader.MonetDbBulkLoader.execute(MonetDbBulkLoader.java:143) at org.apache.hop.pipeline.transforms.monetdbbulkloader.MonetDbBulkLoader.processRow(MonetDbBulkLoader.java:181) at org.apache.hop.pipeline.transform.RunThread.run(RunThread.java:60) at java.base/java.lang.Thread.run(Thread.java:834) Caused by: java.lang.NullPointerException at org.apache.hop.core.database.DatabaseMeta.getQuotedSchemaTableCombination(DatabaseMeta.java:1122) at org.apache.hop.core.database.DatabaseMeta.getTruncateTableStatement(DatabaseMeta.java:1453) at org.apache.hop.pipeline.transforms.monetdbbulkloader.MonetDbBulkLoader.truncate(MonetDbBulkLoader.java:364) at org.apache.hop.pipeline.transforms.monetdbbulkloader.MonetDbBulkLoader.execute(MonetDbBulkLoader.java:119) ... 3 more {noformat}",Major,Bug,48,8,1572,55,Standard
InputInitializerEvents need additional meta-information about the event source,,Major,Bug,78,8,0,0,Standard
Add authentication support to agent's '/v1/executor' endpoint,"The new agent flag {{--authenticate_http_executors}} must be added. When set, it will require that requests received on the {{/v1/executor}} endpoint be authenticated, and the default JWT authenticator will be loaded. Note that this will require the addition of a new authentication realm for that endpoint.",Major,Task,61,7,307,45,Long-running
Flaky test DynamicBrokerReconfigurationTest.testKeyStoreAlter,CI Build: [https://ci-builds.apache.org/job/Kafka/job/kafka-pr/job/PR-12439/2/testReport/?cloudbees-analytics-link=scm-reporting%2Ftests%2Ffailed] Failure log: {code:java} org.opentest4j.AssertionFailedError: Duplicates not expected ==> expected: <false> but was: <true> at app//org.junit.jupiter.api.AssertionUtils.fail(AssertionUtils.java:55) at app//org.junit.jupiter.api.AssertFalse.assertFalse(AssertFalse.java:40) at app//org.junit.jupiter.api.Assertions.assertFalse(Assertions.java:235) at app//kafka.server.DynamicBrokerReconfigurationTest.stopAndVerifyProduceConsume(DynamicBrokerReconfigurationTest.scala:1579) at app//kafka.server.DynamicBrokerReconfigurationTest.testKeyStoreAlter(DynamicBrokerReconfigurationTest.scala:399) at java.base@17.0.1/jdk.internal.reflect.NativeMethodAccessorImpl.invoke0(Native Method) at java.base@17.0.1/jdk.internal.reflect.NativeMethodAccessorImpl.invoke(NativeMethodAccessorImpl.java:77) at java.base@17.0.1/jdk.internal.reflect.DelegatingMethodAccessorImpl.invoke(DelegatingMethodAccessorImpl.java:43) at java.base@17.0.1/java.lang.reflect.Method.invoke(Method.java:568) at app//org.junit.platform.commons.util.ReflectionUtils.invokeMethod(ReflectionUtils.java:725) at app//org.junit.jupiter.engine.execution.MethodInvocation.proceed(MethodInvocation.java:60) at app//org.junit.jupiter.engine.execution.InvocationInterceptorChain$ValidatingInvocation.proceed(InvocationInterceptorChain.java:131) at app//org.junit.jupiter.engine.extension.TimeoutExtension.intercept(TimeoutExtension.java:149) at app//org.junit.jupiter.engine.extension.TimeoutExtension.interceptTestableMethod(TimeoutExtension.java:140) at app//org.junit.jupiter.engine.extension.TimeoutExtension.interceptTestMethod(TimeoutExtension.java:84) at app//org.junit.jupiter.engine.execution.ExecutableInvoker$ReflectiveInterceptorCall.lambda$ofVoidMethod$0(ExecutableInvoker.java:115) at app//org.junit.jupiter.engine.execution.ExecutableInvoker.lambda$invoke$0(ExecutableInvoker.java:105) {code},Major,Bug,61,3,2004,52,Standard
Migrate simple tests in hdds-server-scm to JUnit5,Tests affected: {code:java} hadoop-hdds/server-scm/src/test/java/org/apache/hadoop/hdds/scm/TestSCMCommonPlacementPolicy.java hadoop-hdds/server-scm/src/test/java/org/apache/hadoop/hdds/scm/block/TestDeletedBlockLog.java hadoop-hdds/server-scm/src/test/java/org/apache/hadoop/hdds/scm/command/TestCommandStatusReportHandler.java hadoop-hdds/server-scm/src/test/java/org/apache/hadoop/hdds/scm/container/TestCloseContainerEventHandler.java hadoop-hdds/server-scm/src/test/java/org/apache/hadoop/hdds/scm/container/TestContainerActionsHandler.java hadoop-hdds/server-scm/src/test/java/org/apache/hadoop/hdds/scm/container/TestContainerManagerImpl.java hadoop-hdds/server-scm/src/test/java/org/apache/hadoop/hdds/scm/container/TestContainerReportHandler.java hadoop-hdds/server-scm/src/test/java/org/apache/hadoop/hdds/scm/container/TestContainerStateManager.java hadoop-hdds/server-scm/src/test/java/org/apache/hadoop/hdds/scm/container/TestIncrementalContainerReportHandler.java hadoop-hdds/server-scm/src/test/java/org/apache/hadoop/hdds/scm/container/TestReplicationManager.java hadoop-hdds/server-scm/src/test/java/org/apache/hadoop/hdds/scm/container/TestUnknownContainerReport.java hadoop-hdds/server-scm/src/test/java/org/apache/hadoop/hdds/scm/container/balancer/TestFindTargetStrategy.java hadoop-hdds/server-scm/src/test/java/org/apache/hadoop/hdds/scm/container/placement/algorithms/TestContainerPlacementFactory.java hadoop-hdds/server-scm/src/test/java/org/apache/hadoop/hdds/scm/container/placement/algorithms/TestContainerPlacementStatusDefault.java hadoop-hdds/server-scm/src/test/java/org/apache/hadoop/hdds/scm/container/placement/algorithms/TestSCMContainerPlacementCapacity.java hadoop-hdds/server-scm/src/test/java/org/apache/hadoop/hdds/scm/container/placement/algorithms/TestSCMContainerPlacementRandom.java hadoop-hdds/server-scm/src/test/java/org/apache/hadoop/hdds/scm/container/replication/TestReplicationManagerMetrics.java hadoop-hdds/server-scm/src/test/java/org/apache/hadoop/hdds/scm/container/states/TestContainerReplicaCount.java hadoop-hdds/server-scm/src/test/java/org/apache/hadoop/hdds/scm/container/states/TestECContainerReplicaCount.java hadoop-hdds/server-scm/src/test/java/org/apache/hadoop/hdds/scm/ha/TestReplicationAnnotation.java hadoop-hdds/server-scm/src/test/java/org/apache/hadoop/hdds/scm/ha/TestSCMContext.java hadoop-hdds/server-scm/src/test/java/org/apache/hadoop/hdds/scm/ha/TestSCMHAConfiguration.java hadoop-hdds/server-scm/src/test/java/org/apache/hadoop/hdds/scm/ha/TestSCMRatisRequest.java hadoop-hdds/server-scm/src/test/java/org/apache/hadoop/hdds/scm/ha/TestSCMRatisResponse.java hadoop-hdds/server-scm/src/test/java/org/apache/hadoop/hdds/scm/ha/TestSCMServiceManager.java hadoop-hdds/server-scm/src/test/java/org/apache/hadoop/hdds/scm/ha/TestSequenceIDGenerator.java hadoop-hdds/server-scm/src/test/java/org/apache/hadoop/hdds/scm/ha/TestStatefulServiceStateManagerImpl.java hadoop-hdds/server-scm/src/test/java/org/apache/hadoop/hdds/scm/ha/io/TestBigIntegerCodec.java hadoop-hdds/server-scm/src/test/java/org/apache/hadoop/hdds/scm/ha/io/TestX509CertificateCodec.java hadoop-hdds/server-scm/src/test/java/org/apache/hadoop/hdds/scm/metadata/TestPipelineIDCodec.java hadoop-hdds/server-scm/src/test/java/org/apache/hadoop/hdds/scm/node/TestCommandQueueReportHandler.java hadoop-hdds/server-scm/src/test/java/org/apache/hadoop/hdds/scm/node/TestDatanodeAdminMonitor.java hadoop-hdds/server-scm/src/test/java/org/apache/hadoop/hdds/scm/node/TestDeadNodeHandler.java hadoop-hdds/server-scm/src/test/java/org/apache/hadoop/hdds/scm/node/TestNodeDecommissionManager.java hadoop-hdds/server-scm/src/test/java/org/apache/hadoop/hdds/scm/node/TestNodeReportHandler.java hadoop-hdds/server-scm/src/test/java/org/apache/hadoop/hdds/scm/node/TestNodeStateManager.java hadoop-hdds/server-scm/src/test/java/org/apache/hadoop/hdds/scm/node/TestStatisticsUpdate.java hadoop-hdds/server-scm/src/test/java/org/apache/hadoop/hdds/scm/node/states/TestNodeStateMap.java hadoop-hdds/server-scm/src/test/java/org/apache/hadoop/hdds/scm/pipeline/TestBackgroundPipelineScrubber.java hadoop-hdds/server-scm/src/test/java/org/apache/hadoop/hdds/scm/pipeline/TestECPipelineProvider.java hadoop-hdds/server-scm/src/test/java/org/apache/hadoop/hdds/scm/pipeline/TestPipelineActionHandler.java hadoop-hdds/server-scm/src/test/java/org/apache/hadoop/hdds/scm/pipeline/TestPipelineManagerImpl.java hadoop-hdds/server-scm/src/test/java/org/apache/hadoop/hdds/scm/pipeline/TestPipelineStateManagerImpl.java hadoop-hdds/server-scm/src/test/java/org/apache/hadoop/hdds/scm/pipeline/TestPipelineStateMap.java hadoop-hdds/server-scm/src/test/java/org/apache/hadoop/hdds/scm/pipeline/TestRatisPipelineProvider.java hadoop-hdds/server-scm/src/test/java/org/apache/hadoop/hdds/scm/pipeline/TestSimplePipelineProvider.java hadoop-hdds/server-scm/src/test/java/org/apache/hadoop/hdds/scm/pipeline/TestWritableECContainerProvider.java hadoop-hdds/server-scm/src/test/java/org/apache/hadoop/hdds/scm/pipeline/choose/algorithms/TestPipelineChoosePolicyFactory.java hadoop-hdds/server-scm/src/test/java/org/apache/hadoop/hdds/scm/pipeline/leader/choose/algorithms/TestLeaderChoosePolicy.java hadoop-hdds/server-scm/src/test/java/org/apache/hadoop/hdds/scm/safemode/TestHealthyPipelineSafeModeRule.java hadoop-hdds/server-scm/src/test/java/org/apache/hadoop/hdds/scm/server/TestSCMBlockProtocolServer.java hadoop-hdds/server-scm/src/test/java/org/apache/hadoop/hdds/scm/server/TestSCMContainerMetrics.java hadoop-hdds/server-scm/src/test/java/org/apache/hadoop/hdds/scm/server/TestSCMDatanodeHeartbeatDispatcher.java hadoop-hdds/server-scm/src/test/java/org/apache/hadoop/hdds/scm/server/TestStorageContainerManagerStarter.java hadoop-hdds/server-scm/src/test/java/org/apache/hadoop/ozone/container/common/TestEndPoint.java hadoop-hdds/server-scm/src/test/java/org/apache/hadoop/ozone/container/placement/TestContainerPlacement.java hadoop-hdds/server-scm/src/test/java/org/apache/hadoop/ozone/container/placement/TestDatanodeMetrics.java hadoop-hdds/server-scm/src/test/java/org/apache/hadoop/ozone/scm/node/TestSCMNodeMetrics.java {code},Minor,Sub-task,49,7,6156,62,Short
Auto close resources with try catch block,Resources should be closed automatically within try catch block.,Minor,Improvement,41,7,64,9,Standard
Monitor program does not handle lone LF's correctly when the Unit Test message is chunked.,"The HTTP header and chunk sizes need to be delimited with CR LF's. The 'server response' expected files used to mimic the response of a server when performing unit tests also need to have the correct delimiting character combinations in the fake response messages (generated by the monitor). Problems arise because the expected response files have been captured on different operating systems (Unix and Windows) and then edited using a variety of editors that interpret the CR character differently. Thus the file may be stored with or without the CR characters. Also, CMVC can be set to convert a single LF character into a CR LF combination. The outcome of all this character manipulation is that LF's may or may not have the necessary associated CR for it to be recognised by the HTTP transport. It is not just sufficient to look for every LF and to prefix it with a CR because the context of that LF must be taken into consideration. For example, if a LF is found in the HTTP header then it definitely needs a CR prefix. This also applies when the message is chunked and the chunk size must also be delimited by the CR LF sequence. But, when a LF appears inside a chunk of data it should remain unchanged unless the chunk size is different from the actual data size between chunks, in which case the CR has probably been stripped out and needs to be replaced.",Minor,Bug,90,15,1363,244,Short
add 27.basic.ios.cpp,The test 26_val_trans.cpp needs to be migrated from the Rogue Wave source code repository into Subversion under the name [iostream/27.basic.ios.cpp|http://svn.apache.org/repos/asf/stdcxx/trunk/tests/iostream/27.basic.ios.cpp].,Major,Sub-task,20,2,226,20,Short
Automatically remove the blank at the end of lines in properties files,"In the 'kylin.properties' file: eg: kylin.engine.spark-conf.spark.executor.instances=1 There is a blank space bebind ""1"" The Kylin will startup failure.",Minor,Bug,70,12,152,18,Standard
should also add xalan into the endorse folder of distributions,"as we already endorse the xerces, we should endorse the xalan as well, to ensure the classes from xalan and xerces get loaded by same classloader",Major,Bug,62,10,145,26,Short
SftpRemotePathChannel.transferFrom(...) ignores position argument,The _position_ argument in the _SftpRemotePathChannel.transferFrom(...)_ method seems only to be used when validating it and in debug logging. It should also affect where the data is written to the remote file. Perhaps it could be fixed with adding a call to {_}SftpOutputStreamAsync.setOffset(...){_}? {code:java} output.setOffset(position);{code},Major,Bug,65,4,348,45,Standard
default gc log settings overwrite previous log,"For those spoiled by nice rolling and appending syslogs log4js etc the JVM gc log can be jarring: {noformat} # GC logging options -- uncomment to enable # JVM_OPTS=""$JVM_OPTS -XX:+PrintGCDetails"" # JVM_OPTS=""$JVM_OPTS -XX:+PrintGCTimeStamps"" # JVM_OPTS=""$JVM_OPTS -XX:+PrintClassHistogram"" # JVM_OPTS=""$JVM_OPTS -XX:+PrintTenuringDistribution"" # JVM_OPTS=""$JVM_OPTS -XX:+PrintGCApplicationStoppedTime"" # JVM_OPTS=""$JVM_OPTS -Xloggc:/var/log/cassandra/gc.log"" {noformat} Will result in gc.log with days of data being overwritten on restart, which leads to sad faces. The simplest change would be along these lines: {noformat} GC_LOG_TS=`date +%s` JVM_OPTS=""$JVM_OPTS -XX:+PrintGCDetails"" JVM_OPTS=""$JVM_OPTS -XX:+PrintGCTimeStamps"" JVM_OPTS=""$JVM_OPTS -XX:+PrintClassHistogram"" JVM_OPTS=""$JVM_OPTS -XX:+PrintTenuringDistribution"" JVM_OPTS=""$JVM_OPTS -XX:+PrintGCApplicationStoppedTime"" JVM_OPTS=""$JVM_OPTS -Xloggc:/var/log/cassandra/gc-$GC_LOG_TS.log"" {noformat} There are probably prettier approaches.",Low,Bug,46,7,1001,92,Short
Release activities 2.0.0 M9,,Major,Task,27,4,0,0,Standard
SAI support for BETWEEN operator,The new CQL BETWEEN operator should map pretty neatly to SAI’s internal RANGE operator for numeric indexes. There’s no reason we shouldn’t support it.,Normal,New Feature,32,5,150,24,Long-running
ClientProxyImpl does not populate class-level path params if BeanParam holds the values,,Minor,Bug,87,12,0,0,Short
Empty configuration in ServiceUserMapperImpl's Required Principal/User validators results in 503,"1) In webconsole configuration manager, open {{Apache Sling Service User Mapper Serviceorg.apache.sling.serviceusermapping.impl.ServiceUserMapperImpl}} 2) Before making any change the configuration is: {code:xml} :org.apache.felix.configadmin.revision:=L""1"" require.validation=B""true"" service.pid=""org.apache.sling.serviceusermapping.impl.ServiceUserMapperImpl"" user.enable.default.mapping=B""false"" {code} 3) Without changing the configuration click on {{save}}, the configuration becomes: {code:xml} :org.apache.felix.configadmin.revision:=L""8"" require.validation=B""true"" required.principal.validators=[ \ """", \ ] required.user.validators=[ \ """", \ ] service.pid=""org.apache.sling.serviceusermapping.impl.ServiceUserMapperImpl"" user.default="""" user.enable.default.mapping=B""false"" {code} i.e {{required.principal.validators}} and {{required.user.validators}} have an empty value and due to this all sling requests return {code:xml} ""HTTP ERROR 503 ServletResolver service missing, cannot service requests"". {code} This persistence of empty configuration seems to be behaviour of {{felix.webconsole}}. But IMO sling requests should not fail due to empty values. (The above scenario was reproduced in an AEM instance)",Major,Bug,96,10,1216,112,Long-running
download page lists Bigtop 1.4.0 as stable,[https://bigtop.apache.org/download.html#releases lists Bigtop 1.4.0 as the current stable release. I believe it is 1.5.0 . |https://bigtop.apache.org/download.html#releases],Major,Bug,42,7,174,16,Short
Refactor TestParser to understand test-property file,NO PRECOMMIT TESTS,Major,Sub-task,52,6,18,3,Standard
Camel-AWS-*: Lets adopt the same approach as CAMEL-12936 for all the components,,Major,Task,79,12,0,0,Short
Add more test cases to verify the rules of logical plan optimization,"We have enabled many rules in logical plan optimization phase, more complicated test cases should be added to verify whether these rules actally work.",Minor,Improvement,68,12,150,24,Short
PCAP queries no longer work,"Run a PCAP query and get the following exception {code:java} $METRON_HOME/bin/pcap_query.sh fixed -st 20191009 -df ""yyyyMMdd"" -p 6 -rpf 500 Exception in thread ""main"" java.lang.NoClassDefFoundError: org/apache/metron/stellar/common/utils/ConversionUtils at org.apache.metron.common.configuration.ConfigOption.get(ConfigOption.java:81) at org.apache.metron.pcap.mr.PcapJob.submit(PcapJob.java:219) at org.apache.metron.pcap.query.PcapCli.run(PcapCli.java:107) at org.apache.metron.pcap.query.PcapCli.main(PcapCli.java:55) at sun.reflect.NativeMethodAccessorImpl.invoke0(Native Method) at sun.reflect.NativeMethodAccessorImpl.invoke(NativeMethodAccessorImpl.java:62) at sun.reflect.DelegatingMethodAccessorImpl.invoke(DelegatingMethodAccessorImpl.java:43) at java.lang.reflect.Method.invoke(Method.java:498) at org.apache.hadoop.util.RunJar.run(RunJar.java:318) at org.apache.hadoop.util.RunJar.main(RunJar.java:232) Caused by: java.lang.ClassNotFoundException: org.apache.metron.stellar.common.utils.ConversionUtils at java.net.URLClassLoader.findClass(URLClassLoader.java:381) at java.lang.ClassLoader.loadClass(ClassLoader.java:424) at java.lang.ClassLoader.loadClass(ClassLoader.java:357) ... 10 more {code} This appears to have been introduced in https://github.com/apache/metron/pull/1436 and missed in testing.",Major,Bug,27,5,1315,73,Standard
Allow groups to be mapped to roles (eg AD groups to logically internal application roles),,Minor,New Feature,89,15,0,0,Standard
Miscellaneous Improvements for FsVolumeSpi,"The work in [HDFS-13947] allowed for using {{ArrayList}} instead of {{LinkedList}} when scanning DataNode local directories, however the {{FsVolumeSpi}} implementations were still using (and forcing) {{LinkedList}}. I propose changing the {{FsVolumeSpi}} signatures to allow for {{Collection}} instead of {{LinkedList}}. Since I'm looking at the code, I made some small improvements and check-style fixes.",Major,Improvement,42,4,405,53,Short
Do not register servlets using the default methods for bundled scripts,The {{org.apache.sling.servlets.resolver.bundle.tracker.internal.BundledScriptTracker}} should not allow servlets registered on the default methods for bundled scripts if the capabilities don't explicitly define their own HTTP methods; otherwise the registered servlets override the Default GET Servlet.,Major,Bug,70,11,303,33,Standard
Make the TaskExecutor not depend on concrete BlobServiceCache implementation,"In order to better evolve the {{TaskExecutor}} component, I suggest to not make it depend on the concrete {{BlobServiceCache}} implementation. Instead I suggest to introduce a {{TaskExecutorBlobCacheService}} interface that can be implemented by the {{BlobServiceCache}}. Additionally, should make the {{TaskExecutor}} independent of the {{PermanentBlobCache}} and {{TransientBlobCache}} implementations.",Major,Technical Debt,76,9,404,47,Short
StatsComponent returing Double.MIN_VALUE when determining maximum value for negativ numbers,"StatsComponent use Double.MIN_VALUE when reseting its variables. Because of that, when calculating maximum value for negativ numbers max value will always return Double.MIN_VALUE because it is minimal positive value. Setting max value to Double.NEGATIV_INFINITY in reset method will resolve the problem. I can provide simple patch for this if needed.",Minor,Bug,91,10,350,50,Short
Upgrade to latest OpenTracing API,"The OpenTracing component references quite old OpenTracing API which causes incompatibility issues with latest tracing providers (Jaeger, Brave, ...). It would be good to update this component.",Major,Improvement,33,5,193,27,Long-running
Create checkstyle/junit check for compliance,,Major,Sub-task,44,5,0,0,Long-running
AsyncSinkWriterStateSerializer needs to be PublicEvolving,"Developers who want to create an AsyncSink are supposed to use the AsyncSinkWriterStateSerializer to create the writer serializer. In hindsight of the upcoming connector externalization, this class needs to be made PublicEvolving to guarantee some stability.",Blocker,Bug,57,5,258,36,Short
GetHDFSSequenceFile sequence reader throwing away authenticated filesystem and creating its own,"Hadoop Kerberos has a way of accessing things as an authenticated user UserGroupInformation.doAs NIFI is doing that to get access to the filesystem in order to basically tell hadoop to use the correct credentials so our processor does that correctly and then passes the results into the sequence reader unfortunately, the sequence reader then throws away our authenticated filesystem and creates its own without wrapping in a UGI.doAs More context: The constructor used for org.apache.hadoop.io.SequenceFile.Reader in both KeyValueReader and ValueReader is deprecated and has been turned into a callthrough that only uses the passed in FileSystem to get the qualified path[1]. I've modified those classes to do that logic and then wrapped the callsite in the processor in a UGI.doAs if it is configured to use a UGI [1]: https://github.com/apache/hadoop/commit/0c462b223f151208ff7bd5148cee0e436c23d795#diff-e70823f17863445da52875999e4b19a2L1592",Major,Bug,95,11,944,130,Standard
Add Druid High Availability Check for Rolling Upgrades,For Druid Rolling Upgrades check that each druid component is installed on more than 1 node and is HA enabled.,Major,Task,54,8,110,20,Short
Changes to __isset interface,"I think that it would make a lot of sense for us to redefine the __isset interface of Java generated structs. With the changes in THRIFT-297, all TBase objects will now have the isSet generic method as well as isMyFieldSet per-field isset checkers. This gives the same kind of information as direct access to __isset as the public field does, but has the added advantage of hiding the information behind a method-based interface, freeing us to do things like THRIFT-115 and THRIFT-116 without breaking future clients. Especially with the future proposition of making a release, now would be a great time to improve this interface.",Minor,Improvement,28,4,630,105,Standard
Autoscaling placement wrong when concurrent replica placements are calculated,"Steps to reproduce: * create a cluster of a few nodes (tested with 7 nodes) * define per-collection policies that distribute replicas exclusively on different nodes per policy * concurrently create a few collections, each using a different policy * resulting replica placement will be seriously wrong, causing many policy violations Running the same scenario but instead creating collections sequentially results in no violations. I suspect this is caused by incorrect locking level for all collection operations (as defined in {{CollectionParams.CollectionAction}}) that create new replica placements - i.e. CREATE, ADDREPLICA, MOVEREPLICA, DELETENODE, REPLACENODE, SPLITSHARD, RESTORE, REINDEXCOLLECTION. All of these operations use the policy engine to create new replica placements, and as a result they change the cluster state. However, currently these operations are locked (in {{OverseerCollectionMessageHandler.lockTask}} ) using {{LockLevel.COLLECTION}}. In practice this means that the lock is held only for the particular collection that is being modified. A straightforward fix for this issue is to change the locking level to CLUSTER (and I confirm this fixes the scenario described above). However, this effectively serializes all collection operations listed above, which will result in general slow-down of all collection operations.",Critical,Bug,77,9,1350,189,Long-running
ActiveMQ web console not installable after upgrade to 5.9.1,When installing the new web console following error is thrown {code} Caused by: org.springframework.beans.BeanInstantiationException: Could not instantiate bean class [org.springframework.web.servlet.mvc.annotation.AnnotationMethodHandlerAdapter]: Constructor threw exception; nested exception is java.lang.NoClassDefFoundError: javax/xml/stream/XMLStreamException at org.springframework.beans.BeanUtils.instantiateClass(BeanUtils.java:163)[190:org.apache.activemq.activemq-web-console:5.9.1] at org.springframework.beans.factory.support.SimpleInstantiationStrategy.instantiate(SimpleInstantiationStrategy.java:87)[190:org.apache.activemq.activemq-web-console:5.9.1] at org.springframework.beans.factory.support.AbstractAutowireCapableBeanFactory.instantiateBean(AbstractAutowireCapableBeanFactory.java:1030)[190:org.apache.activemq.activemq-web-console:5.9.1] ... 60 more Caused by: java.lang.NoClassDefFoundError: javax/xml/stream/XMLStreamException at org.springframework.web.servlet.mvc.annotation.AnnotationMethodHandlerAdapter.<init>(AnnotationMethodHandlerAdapter.java:203)[190:org.apache.activemq.activemq-web-console:5.9.1] at sun.reflect.NativeConstructorAccessorImpl.newInstance0(Native Method)[:1.7.0_55] at sun.reflect.NativeConstructorAccessorImpl.newInstance(NativeConstructorAccessorImpl.java:57)[:1.7.0_55] at sun.reflect.DelegatingConstructorAccessorImpl.newInstance(DelegatingConstructorAccessorImpl.java:45)[:1.7.0_55] at java.lang.reflect.Constructor.newInstance(Constructor.java:526)[:1.7.0_55] at org.springframework.beans.BeanUtils.instantiateClass(BeanUtils.java:148)[190:org.apache.activemq.activemq-web-console:5.9.1] ... 62 more Caused by: java.lang.ClassNotFoundException: javax.xml.stream.XMLStreamException not found by org.apache.activemq.activemq-web-console [190] at org.apache.felix.framework.BundleWiringImpl.findClassOrResourceByDelegation(BundleWiringImpl.java:1532)[org.apache.felix.framework-4.2.1.jar:] at org.apache.felix.framework.BundleWiringImpl.access$400(BundleWiringImpl.java:75)[org.apache.felix.framework-4.2.1.jar:] at org.apache.felix.framework.BundleWiringImpl$BundleClassLoader.loadClass(BundleWiringImpl.java:1955) at java.lang.ClassLoader.loadClass(ClassLoader.java:358)[:1.7.0_55] ... 68 more {code},Major,Sub-task,59,9,2256,78,Standard
Update API for 'analyze' partitioning/ordering columns to support general expressions,,Major,Sub-task,85,10,0,0,Standard
Parsing values for measures and dimensions during data load should adopt a strict check,"Currently in carbon we treat Short and Int as long and at the time of storing in carbon data files delta compression is used which compresses the data based on min and max values of the column. While parsing the values for these datatypes, we use Double data type parser and extract long value from that. Code snippet as below. Double.valueOf(msrValue).longValue() This has the following problems. 1. Measure Values beyond the range of Int and Short are parsed successfully. This behavior conflicts when the same measure is included as dictionary_include and becomes a dimension. When we query then each dimension value is parsed for its datatype for result conversion and at that time NumberFormatException is thrown and null is displayed in the result while for measure the loaded values are displayed. This also impacts aggregate queries. That is why strict check mechanism is adopted for dimensions values parsing. 2. Data inconsistency in case of measures as for decimal values, the value before decimal will only be considered for Int and Short datatypes. 3. For measures, if values beyond the datatype range are allowed the compression will decrease. Therefore we will have to adopt a strict behavior for both dimensions and measures.",Minor,Improvement,87,14,1241,201,Long-running
Fix History view of JobManager web interface,"The JobManager web history view is not working. {{scala.concurrent.impl.Promise$DefaultPromise cannot be cast to org.apache.flink.runtime.messages.JobManagerMessages$JobResponse}} According to git blame, the code has been touched in FLINK-1508.",Critical,Bug,44,7,244,25,Short
Fix CacheableKey::hashcode to int32_t to match Server.,,Major,Bug,54,7,0,0,Standard
TSHA Thrift-2 server should allow limiting call queue size,"Right now seems like thrift-2 hsha server always create unbounded queue, which could lead to OOM)",Major,Bug,58,9,97,16,Short
KRaftMigrationDriver gets stuck after successive failovers,"This is a continuation of KAFKA-16171. It turns out that the active KRaftMigrationDriver can get a stale read from ZK after becoming the active controller in ZK (i.e., writing to ""/controller""). Because ZooKeeper only offers linearizability on writes to a given ZNode, it is possible that we get a stale read on the ""/migration"" ZNode after writing to ""/controller"" (and ""/controller_epoch"") when becoming active. The history looks like this: # Node B becomes leader in the Raft layer. KRaftLeaderEvents are enqueued on all KRaftMigrationDriver # Node A writes some state to ZK, updates ""/migration"", and checks ""/controller_epoch"" in one transaction. This happens before B claims controller leadership in ZK. The ""/migration"" state is updated from X to Y # Node B claims leadership by updating ""/controller"" and ""/controller_epoch"". Leader B reads ""/migration"" state X # Node A tries to write some state, fails on ""/controller_epoch"" check op. # Node A processes new leader and becomes inactive This does not violate consistency guarantees made by ZooKeeper. > Write operations in ZooKeeper are {_}linearizable{_}. In other words, each {{write}} will appear to take effect atomically at some point between when the client issues the request and receives the corresponding response. and > Read operations in ZooKeeper are _not linearizable_ since they can return potentially stale data. This is because a {{read}} in ZooKeeper is not a quorum operation and a server will respond immediately to a client that is performing a {{{}read{}}}. --- The impact of this stale read is the same as KAFKA-16171. The KRaftMigrationDriver never gets past SYNC_KRAFT_TO_ZK because it has a stale zkVersion for the ""/migration"" ZNode. The result is brokers never learn about the new controller and cannot update any partition state. The workaround for this bug is to re-elect the controller by shutting down the active KRaft controller. This bug was found during a migration where the KRaft controller was rapidly failing over due to an excess of metadata.",Major,Bug,58,6,2040,322,Long-running
Add default EnhancementChain configuration for disambiguation to the Stanbol Launcher,This chain should include * NLP processing * EntityLinking configured for disambiguation * Disambiguation MLT,Minor,Sub-task,85,10,109,15,Standard
Make Standby Container Requests Rack Aware,# Add logic to call the RM to get a list of all nodes and racks. # Make all standby container requests rack aware.,Major,New Feature,42,6,114,24,Long-running
Application that bring in dependency bundles from a bundle repository doesn't deploy,"I thought I'd try the new capability in the application module for provisioning absent dependencies to the framework using OBR. I created a tiny app that uses twitter4j to get recent tweets from the 'theasf' twitter id. The bundle in the app imports the twitter4j package and the org.apache.commons.lang package for the StringEscapeUtils class. Firstly, I created my .eba with all of its dependencies contained within it: twitter4j bundle and commons lang bundle. I hijacked the blog-assembly module to try it out. I started the framework with java -jar osgi-3.5.0.v20090520.jar -console then copied my .eba to the load directory. This worked fine - although the debug output from the org.apache.aries.application.modelling.impl now seems to be overly verbose. Second, I started the framework like this: java -Dobr.repository.url=http://sigil.codecauldron.org/spring-external.obr -jar osgi-3.5.0.v20090520.jar -console the -D flag will give an OBR repository to Felix OBR. The repository.xml at the end of the above URL is for the Spring Source Enterprise Bundle Repository. I copied the same .eba into the load directory. This means the repository.xml was fetched, and used in the OBR resolve. It took a lot longer to resolve either because Felix OBR had a large repository.xml to use in its resolution process or because of the verbosity of org.apache.aries.application.modelling.impl. At the end I have the application's bundles started in the framework. That was all just a sanity check to make sure things still work when including all dependencies in the .eba. Third, I removed the dependency bundles from the .eba and started as before: java -Dobr.repository.url=http://sigil.codecauldron.org/spring-external.obr -jar osgi-3.5.0.v20090520.jar -console I copied the .eba to the load directory. This time I got a problem: [fileinstall-./load] DEBUG org.apache.aries.application.deployment.management.impl.DeploymentManifestManagerImpl - Method exit: generateDeploymentMani fest, returning [org.apache.aries.application.management.ResolverException: Resolution of asset org.exampe.twitter.query.app indicates invalid depende ncies of shared content on isolated content: Shared bundle twitter4j_2.0.8 has a dependency for package javax.xml.transform.dom which is exported from isolated bundle [com.springsource.org.apache .xmlcommons_1.3.4] Shared bundle twitter4j_2.0.8 has a dependency for package javax.xml.transform.stream which is exported from isolated bundle [com.springsource.org.apa che.xmlcommons_1.3.4] Shared bundle twitter4j_2.0.8 has a dependency for package org.w3c.dom which is exported from isolated bundle [com.springsource.org.apache.xmlcommons_ 1.3.4] Shared bundle twitter4j_2.0.8 has a dependency for package javax.xml.parsers which is exported from isolated bundle [com.springsource.org.apache.xmlco mmons_1.3.4] Shared bundle twitter4j_2.0.8 has a dependency for package org.xml.sax which is exported from isolated bundle [com.springsource.org.apache.xmlcommons_ 1.3.4] Shared bundle twitter4j_2.0.8 has a dependency for package javax.xml.transform which is exported from isolated bundle [com.springsource.org.apache.xml commons_1.3.4] ] [fileinstall-./load] DEBUG org.apache.aries.blueprint.proxy.Collaborator - invoke org.apache.aries.application.management.ResolverException: Resolution of asset org.exampe.twitter.query.app indicates invalid dependencies of shared c ontent on isolated content: Shared bundle twitter4j_2.0.8 has a dependency for package javax.xml.transform.dom which is exported from isolated bundle [com.springsource.org.apache .xmlcommons_1.3.4] Shared bundle twitter4j_2.0.8 has a dependency for package javax.xml.transform.stream which is exported from isolated bundle [com.springsource.org.apa che.xmlcommons_1.3.4] Shared bundle twitter4j_2.0.8 has a dependency for package org.w3c.dom which is exported from isolated bundle [com.springsource.org.apache.xmlcommons_ 1.3.4] Shared bundle twitter4j_2.0.8 has a dependency for package javax.xml.parsers which is exported from isolated bundle [com.springsource.org.apache.xmlco mmons_1.3.4] Shared bundle twitter4j_2.0.8 has a dependency for package org.xml.sax which is exported from isolated bundle [com.springsource.org.apache.xmlcommons_ 1.3.4] Shared bundle twitter4j_2.0.8 has a dependency for package javax.xml.transform which is exported from isolated bundle [com.springsource.org.apache.xml commons_1.3.4] at org.apache.aries.application.deployment.management.impl.DeploymentManifestManagerImpl.generateDeployedBundles(DeploymentManifestManagerImpl .java:325) at org.apache.aries.application.deployment.management.impl.DeploymentManifestManagerImpl.generateDeploymentManifest(DeploymentManifestManagerI mpl.java:160) at sun.reflect.NativeMethodAccessorImpl.invoke0(Native Method) at sun.reflect.NativeMethodAccessorImpl.invoke(NativeMethodAccessorImpl.java:48) at sun.reflect.DelegatingMethodAccessorImpl.invoke(DelegatingMethodAccessorImpl.java:37) at java.lang.reflect.Method.invoke(Method.java:600) at org.apache.aries.blueprint.proxy.Collaborator$1.invoke(Collaborator.java:67) at org.apache.aries.blueprint.proxy.Collaborator.invoke(Collaborator.java:143) at $Proxy15.generateDeploymentManifest(Unknown Source) at org.apache.aries.application.management.impl.AriesApplicationManagerImpl.resolve(AriesApplicationManagerImpl.java:272) at org.apache.aries.application.management.impl.AriesApplicationManagerImpl.install(AriesApplicationManagerImpl.java:289) at sun.reflect.NativeMethodAccessorImpl.invoke0(Native Method) at sun.reflect.NativeMethodAccessorImpl.invoke(NativeMethodAccessorImpl.java:48) at sun.reflect.DelegatingMethodAccessorImpl.invoke(DelegatingMethodAccessorImpl.java:37) at java.lang.reflect.Method.invoke(Method.java:600) at org.apache.aries.blueprint.proxy.Collaborator$1.invoke(Collaborator.java:67) at org.apache.aries.blueprint.proxy.Collaborator.invoke(Collaborator.java:143) at $Proxy16.install(Unknown Source) at org.apache.aries.application.install.EBAInstaller.install(EBAInstaller.java:71) at org.apache.felix.fileinstall.internal.DirectoryWatcher.install(DirectoryWatcher.java:827) at org.apache.felix.fileinstall.internal.DirectoryWatcher.install(DirectoryWatcher.java:755) at org.apache.felix.fileinstall.internal.DirectoryWatcher.process(DirectoryWatcher.java:393) at org.apache.felix.fileinstall.internal.DirectoryWatcher.run(DirectoryWatcher.java:212) [fileinstall-./load] WARN org.apache.aries.blueprint.proxy.Collaborator - Discarding initial exception org.apache.aries.application.management.ResolverException: Resolution of asset org.exampe.twitter.query.app indicates invalid dependencies of shared c ontent on isolated content: Shared bundle twitter4j_2.0.8 has a dependency for package javax.xml.transform.dom which is exported from isolated bundle [com.springsource.org.apache .xmlcommons_1.3.4] Shared bundle twitter4j_2.0.8 has a dependency for package javax.xml.transform.stream which is exported from isolated bundle [com.springsource.org.apa che.xmlcommons_1.3.4] Shared bundle twitter4j_2.0.8 has a dependency for package org.w3c.dom which is exported from isolated bundle [com.springsource.org.apache.xmlcommons_ 1.3.4] Shared bundle twitter4j_2.0.8 has a dependency for package javax.xml.parsers which is exported from isolated bundle [com.springsource.org.apache.xmlco mmons_1.3.4] Shared bundle twitter4j_2.0.8 has a dependency for package org.xml.sax which is exported from isolated bundle [com.springsource.org.apache.xmlcommons_ 1.3.4] Shared bundle twitter4j_2.0.8 has a dependency for package javax.xml.transform which is exported from isolated bundle [com.springsource.org.apache.xml commons_1.3.4] at org.apache.aries.application.deployment.management.impl.DeploymentManifestManagerImpl.generateDeployedBundles(DeploymentManifestManagerImpl .java:325) at org.apache.aries.application.deployment.management.impl.DeploymentManifestManagerImpl.generateDeploymentManifest(DeploymentManifestManagerI mpl.java:160) at sun.reflect.NativeMethodAccessorImpl.invoke0(Native Method) at sun.reflect.NativeMethodAccessorImpl.invoke(NativeMethodAccessorImpl.java:48) at sun.reflect.DelegatingMethodAccessorImpl.invoke(DelegatingMethodAccessorImpl.java:37) at java.lang.reflect.Method.invoke(Method.java:600) at org.apache.aries.blueprint.proxy.Collaborator$1.invoke(Collaborator.java:67) at org.apache.aries.blueprint.proxy.Collaborator.invoke(Collaborator.java:143) at $Proxy15.generateDeploymentManifest(Unknown Source) at org.apache.aries.application.management.impl.AriesApplicationManagerImpl.resolve(AriesApplicationManagerImpl.java:272) at org.apache.aries.application.management.impl.AriesApplicationManagerImpl.install(AriesApplicationManagerImpl.java:289) at sun.reflect.NativeMethodAccessorImpl.invoke0(Native Method) at sun.reflect.NativeMethodAccessorImpl.invoke(NativeMethodAccessorImpl.java:48) at sun.reflect.DelegatingMethodAccessorImpl.invoke(DelegatingMethodAccessorImpl.java:37) at java.lang.reflect.Method.invoke(Method.java:600) at org.apache.aries.blueprint.proxy.Collaborator$1.invoke(Collaborator.java:67) at org.apache.aries.blueprint.proxy.Collaborator.invoke(Collaborator.java:143) at $Proxy16.install(Unknown Source) at org.apache.aries.application.install.EBAInstaller.install(EBAInstaller.java:71) at org.apache.felix.fileinstall.internal.DirectoryWatcher.install(DirectoryWatcher.java:827) at org.apache.felix.fileinstall.internal.DirectoryWatcher.install(DirectoryWatcher.java:755) at org.apache.felix.fileinstall.internal.DirectoryWatcher.process(DirectoryWatcher.java:393) at org.apache.felix.fileinstall.internal.DirectoryWatcher.run(DirectoryWatcher.java:212) [fileinstall-./load] DEBUG org.apache.aries.blueprint.proxy.Collaborator - invoke org.apache.aries.application.management.ResolverException: Resolution of asset org.exampe.twitter.query.app indicates invalid dependencies of shared c ontent on isolated content: Shared bundle twitter4j_2.0.8 has a dependency for package javax.xml.transform.dom which is exported from isolated bundle [com.springsource.org.apache .xmlcommons_1.3.4] Shared bundle twitter4j_2.0.8 has a dependency for package javax.xml.transform.stream which is exported from isolated bundle [com.springsource.org.apa che.xmlcommons_1.3.4] Shared bundle twitter4j_2.0.8 has a dependency for package org.w3c.dom which is exported from isolated bundle [com.springsource.org.apache.xmlcommons_ 1.3.4] Shared bundle twitter4j_2.0.8 has a dependency for package javax.xml.parsers which is exported from isolated bundle [com.springsource.org.apache.xmlco mmons_1.3.4] Shared bundle twitter4j_2.0.8 has a dependency for package org.xml.sax which is exported from isolated bundle [com.springsource.org.apache.xmlcommons_ 1.3.4] Shared bundle twitter4j_2.0.8 has a dependency for package javax.xml.transform which is exported from isolated bundle [com.springsource.org.apache.xml commons_1.3.4] at org.apache.aries.application.deployment.management.impl.DeploymentManifestManagerImpl.generateDeployedBundles(DeploymentManifestManagerImpl .java:325) at org.apache.aries.application.deployment.management.impl.DeploymentManifestManagerImpl.generateDeploymentManifest(DeploymentManifestManagerI mpl.java:160) at sun.reflect.NativeMethodAccessorImpl.invoke0(Native Method) at sun.reflect.NativeMethodAccessorImpl.invoke(NativeMethodAccessorImpl.java:48) at sun.reflect.DelegatingMethodAccessorImpl.invoke(DelegatingMethodAccessorImpl.java:37) at java.lang.reflect.Method.invoke(Method.java:600) at org.apache.aries.blueprint.proxy.Collaborator$1.invoke(Collaborator.java:67) at org.apache.aries.blueprint.proxy.Collaborator.invoke(Collaborator.java:143) at $Proxy15.generateDeploymentManifest(Unknown Source) at org.apache.aries.application.management.impl.AriesApplicationManagerImpl.resolve(AriesApplicationManagerImpl.java:272) at org.apache.aries.application.management.impl.AriesApplicationManagerImpl.install(AriesApplicationManagerImpl.java:289) at sun.reflect.NativeMethodAccessorImpl.invoke0(Native Method) at sun.reflect.NativeMethodAccessorImpl.invoke(NativeMethodAccessorImpl.java:48) at sun.reflect.DelegatingMethodAccessorImpl.invoke(DelegatingMethodAccessorImpl.java:37) at java.lang.reflect.Method.invoke(Method.java:600) at org.apache.aries.blueprint.proxy.Collaborator$1.invoke(Collaborator.java:67) at org.apache.aries.blueprint.proxy.Collaborator.invoke(Collaborator.java:143) at $Proxy16.install(Unknown Source) at org.apache.aries.application.install.EBAInstaller.install(EBAInstaller.java:71) at org.apache.felix.fileinstall.internal.DirectoryWatcher.install(DirectoryWatcher.java:827) at org.apache.felix.fileinstall.internal.DirectoryWatcher.install(DirectoryWatcher.java:755) at org.apache.felix.fileinstall.internal.DirectoryWatcher.process(DirectoryWatcher.java:393) at org.apache.felix.fileinstall.internal.DirectoryWatcher.run(DirectoryWatcher.java:212) [fileinstall-./load] WARN org.apache.aries.blueprint.proxy.Collaborator - Discarding initial exception org.apache.aries.application.management.ResolverException: Resolution of asset org.exampe.twitter.query.app indicates invalid dependencies of shared c ontent on isolated content: Shared bundle twitter4j_2.0.8 has a dependency for package javax.xml.transform.dom which is exported from isolated bundle [com.springsource.org.apache .xmlcommons_1.3.4] Shared bundle twitter4j_2.0.8 has a dependency for package javax.xml.transform.stream which is exported from isolated bundle [com.springsource.org.apa che.xmlcommons_1.3.4] Shared bundle twitter4j_2.0.8 has a dependency for package org.w3c.dom which is exported from isolated bundle [com.springsource.org.apache.xmlcommons_ 1.3.4] Shared bundle twitter4j_2.0.8 has a dependency for package javax.xml.parsers which is exported from isolated bundle [com.springsource.org.apache.xmlco mmons_1.3.4] Shared bundle twitter4j_2.0.8 has a dependency for package org.xml.sax which is exported from isolated bundle [com.springsource.org.apache.xmlcommons_ 1.3.4] Shared bundle twitter4j_2.0.8 has a dependency for package javax.xml.transform which is exported from isolated bundle [com.springsource.org.apache.xml commons_1.3.4] at org.apache.aries.application.deployment.management.impl.DeploymentManifestManagerImpl.generateDeployedBundles(DeploymentManifestManagerImpl .java:325) at org.apache.aries.application.deployment.management.impl.DeploymentManifestManagerImpl.generateDeploymentManifest(DeploymentManifestManagerI mpl.java:160) at sun.reflect.NativeMethodAccessorImpl.invoke0(Native Method) at sun.reflect.NativeMethodAccessorImpl.invoke(NativeMethodAccessorImpl.java:48) at sun.reflect.DelegatingMethodAccessorImpl.invoke(DelegatingMethodAccessorImpl.java:37) at java.lang.reflect.Method.invoke(Method.java:600) at org.apache.aries.blueprint.proxy.Collaborator$1.invoke(Collaborator.java:67) at org.apache.aries.blueprint.proxy.Collaborator.invoke(Collaborator.java:143) at $Proxy15.generateDeploymentManifest(Unknown Source) at org.apache.aries.application.management.impl.AriesApplicationManagerImpl.resolve(AriesApplicationManagerImpl.java:272) at org.apache.aries.application.management.impl.AriesApplicationManagerImpl.install(AriesApplicationManagerImpl.java:289) at sun.reflect.NativeMethodAccessorImpl.invoke0(Native Method) at sun.reflect.NativeMethodAccessorImpl.invoke(NativeMethodAccessorImpl.java:48) at sun.reflect.DelegatingMethodAccessorImpl.invoke(DelegatingMethodAccessorImpl.java:37) at java.lang.reflect.Method.invoke(Method.java:600) at org.apache.aries.blueprint.proxy.Collaborator$1.invoke(Collaborator.java:67) at org.apache.aries.blueprint.proxy.Collaborator.invoke(Collaborator.java:143) at $Proxy16.install(Unknown Source) at org.apache.aries.application.install.EBAInstaller.install(EBAInstaller.java:71) at org.apache.felix.fileinstall.internal.DirectoryWatcher.install(DirectoryWatcher.java:827) at org.apache.felix.fileinstall.internal.DirectoryWatcher.install(DirectoryWatcher.java:755) at org.apache.felix.fileinstall.internal.DirectoryWatcher.process(DirectoryWatcher.java:393) at org.apache.felix.fileinstall.internal.DirectoryWatcher.run(DirectoryWatcher.java:212) I believe OBR is for some reason resolving the java.xml.* org.w3c.dom and org.xml.sax packages to a bundle described in the OBR rather than those coming through from the JRE. As I understand it, there are two OBR resolutions going on here. #1 includes the bundles from the .eba Application-Content manifest header. The resulting list is the bundles from the Application-Content header plus any dependency bundles. We then go back to OBR with just the dependency bundles to make sure they don't depend on the bundles listed in the Application-Content header. This is so that the application content can be isolated from other applications' content and the shared bundles can be shared across applications running in the same JVM - after all if a shared bundle dependended on an bundle isolated in application1, application2 would be able to get to application1's bundle via the shared bundle. So the issue is with the second OBR resolve. This seems to be giving a different result to the first OBR resolve. The first one seems to be happy resolving those packages against the JRE / System bundle, but the second resolve is not. Note: In between each of these attempts I cleared out the load dir and deleted the target/configuration/org.eclipse.osgi directory, thereby cleaning out the OSGi cache.",Major,Bug,84,12,17442,1309,Standard
TestThriftServerCmdLine is flaky in master branch,"According to https://builds.apache.org/job/HBASE-Find-Flaky-Tests/lastSuccessfulBuild/artifact/dashboard.html , TestThriftServerCmdLine is the top flaky test. It fails in QA run sometimes. https://builds.apache.org/job/PreCommit-HBASE-Build/5848/artifact/patchprocess/patch-unit-hbase-thrift.txt {code} testRunThriftServer[0](org.apache.hadoop.hbase.thrift.TestThriftServerCmdLine) Time elapsed: 10.057 sec <<< ERROR! java.lang.NullPointerException: null at org.apache.hadoop.hbase.thrift.TestThriftServerCmdLine.testRunThriftServer(TestThriftServerCmdLine.java:187) Tests run: 1, Failures: 1, Errors: 0, Skipped: 0, Time elapsed: 60.212 sec <<< FAILURE! - in org.apache.hadoop.hbase.thrift.TestThriftServerCmdLine testRunThriftServer[0](org.apache.hadoop.hbase.thrift.TestThriftServerCmdLine) Time elapsed: 0.166 sec <<< FAILURE! java.lang.AssertionError: null at org.junit.Assert.fail(Assert.java:86) at org.junit.Assert.assertTrue(Assert.java:41) at org.junit.Assert.assertTrue(Assert.java:52) at org.apache.hadoop.hbase.thrift.TestThriftServer.checkTableList(TestThriftServer.java:254) at org.apache.hadoop.hbase.thrift.TestThriftServerCmdLine.talkToThriftServer(TestThriftServerCmdLine.java:227) at org.apache.hadoop.hbase.thrift.TestThriftServerCmdLine.testRunThriftServer(TestThriftServerCmdLine.java:190) Tests run: 1, Failures: 1, Errors: 0, Skipped: 0, Time elapsed: 64.428 sec <<< FAILURE! - in org.apache.hadoop.hbase.thrift.TestThriftServerCmdLine testRunThriftServer[0](org.apache.hadoop.hbase.thrift.TestThriftServerCmdLine) Time elapsed: 0.144 sec <<< FAILURE! java.lang.AssertionError: null at org.junit.Assert.fail(Assert.java:86) at org.junit.Assert.assertTrue(Assert.java:41) at org.junit.Assert.assertTrue(Assert.java:52) at org.apache.hadoop.hbase.thrift.TestThriftServer.checkTableList(TestThriftServer.java:254) at org.apache.hadoop.hbase.thrift.TestThriftServerCmdLine.talkToThriftServer(TestThriftServerCmdLine.java:227) at org.apache.hadoop.hbase.thrift.TestThriftServerCmdLine.testRunThriftServer(TestThriftServerCmdLine.java:190) {code}",Major,Test,49,6,2065,108,Standard
JWTProvider to accept Query Param as well as Bearer Token,"By extending the ability to acquire a JWT token provided via query param as well as a bearer token, the JWTProvider will open up an opportunity for clients that are unable to set a HTTP header for the request. These client scenarios will need to be carefully considered and this feature carefully documented to make sure that replay attacks aren't a problem by making the token available to adversaries or persisted in the clear.",Major,Bug,57,10,429,74,Short
Various fixes for bugs about salted table.,This is work in progress for all the fixes on salted table. More tests would follow once all existing end-2-end tests are passing on salted table too.,Unknown,Task,42,7,150,27,Standard
Upgrade JGit to 5.13.3.202401111512,The support/nifi-1.x branch uses jgit version 5.13.2.202306221912-r which is vulnerable ([CVE-2023-4759|https://nvd.nist.gov/vuln/detail/CVE-2023-4759]). It is possible to use 5.13.3.202401111512-r version which does not contain the vulnerability. [https://mvnrepository.com/artifact/org.eclipse.jgit/org.eclipse.jgit],Major,Improvement,35,4,318,25,Short
"State of InputStream retrieved from resultset is not clean , if there exists previous InputStream .","State of InputStream retrieved from ResultSet was not clean , if there exists previous InputStream retrieved from ResultSet . Test code ... PreparedStatement pst = conn.prepareStatement(""insert into a(b) values(?)""); byte[] data = new byte[1024 * 1024]; for(int i = 0; i < 1024 * 1024; i ++){ data[i] = (byte)(i % 256); } pst.setBinaryStream(1,new ByteArrayInputStream(data),data.length); pst.executeUpdate(); pst.close(); st = conn.createStatement(); ResultSet rs = st.executeQuery(""select b from a""); rs.next(); InputStream is = rs.getBinaryStream(1); System.out.println(""Here goes first stream""); System.out.println(is.read()); System.out.println(is.read()); System.out.println(is.read()); is = rs.getBinaryStream(1); System.out.println(""Here goes 2nd stream""); System.out.println(is.read()); System.out.println(is.read()); System.out.println(is.read()); Result .... naka@rufelza:~/derby/test/20051121$ java testLob Here goes first stream 0 1 2 Here goes 2nd stream 7 8 9 It is expected that result printed from first stream is as same as result printed from 2nd.",Major,Bug,99,16,1066,125,Long-running
Remove keys in the cleanup methods for encryption related qtest,"When return code is not equal 0, the execution will exit. However, we clean up the keys in the qfile which can be skipped. It will result in failing to create keys for other qfiles if they are using the same key name.",Major,Sub-task,63,10,217,43,Short
Crash Agents A and B - can't release lock we don't hold,"Hello, {panel:title=manifoldcf.log} ERROR 2017-08-04 09:28:25,794 (Set priority thread) - Set priority thread aborting and restarting due to database connection reset: Database exception: SQLException doing query (08006): Une erreur d'entrée/sortie a eu lieu lors d'envoi vers le serveur. org.apache.manifoldcf.core.interfaces.ManifoldCFException: Database exception: SQLException doing query (08006): Une erreur d'entrée/sortie a eu lieu lors d'envoi vers le serveur. at org.apache.manifoldcf.core.database.Database$ExecuteQueryThread.finishUp(Database.java:715) at org.apache.manifoldcf.core.database.Database.executeViaThread(Database.java:741) at org.apache.manifoldcf.core.database.DBInterfacePostgreSQL.rollbackCurrentTransaction(DBInterfacePostgreSQL.java:1292) at org.apache.manifoldcf.core.database.Database.endTransaction(Database.java:368) at org.apache.manifoldcf.core.database.DBInterfacePostgreSQL.endTransaction(DBInterfacePostgreSQL.java:1236) at org.apache.manifoldcf.crawler.jobs.JobManager.writeDocumentPriorities(JobManager.java:2418) at org.apache.manifoldcf.crawler.system.ManifoldCF.writeDocumentPriorities(ManifoldCF.java:1259) at org.apache.manifoldcf.crawler.system.SetPriorityThread.run(SetPriorityThread.java:141) Caused by: org.postgresql.util.PSQLException: Une erreur d'entrée/sortie a eu lieu lors d'envoi vers le serveur. at org.postgresql.core.v3.QueryExecutorImpl.execute(QueryExecutorImpl.java:283) at org.postgresql.jdbc2.AbstractJdbc2Statement.execute(AbstractJdbc2Statement.java:500) at org.postgresql.jdbc2.AbstractJdbc2Statement.executeWithFlags(AbstractJdbc2Statement.java:374) at org.postgresql.jdbc2.AbstractJdbc2Statement.execute(AbstractJdbc2Statement.java:366) at org.apache.manifoldcf.core.database.Database.execute(Database.java:876) at org.apache.manifoldcf.core.database.Database$ExecuteQueryThread.run(Database.java:696) Caused by: java.io.IOException: Unexpected packet type: 114 at org.postgresql.core.v3.QueryExecutorImpl.processResults(QueryExecutorImpl.java:1981) at org.postgresql.core.v3.QueryExecutorImpl.execute(QueryExecutorImpl.java:257) ... 5 more FATAL 2017-08-04 09:28:25,855 (Agents idle cleanup thread) - Error tossed: Can't release lock we don't hold java.lang.IllegalStateException: Can't release lock we don't hold at org.apache.manifoldcf.core.lockmanager.ZooKeeperConnection.releaseLock(ZooKeeperConnection.java:815) at org.apache.manifoldcf.core.lockmanager.ZooKeeperLockObject.clearLock(ZooKeeperLockObject.java:218) at org.apache.manifoldcf.core.lockmanager.ZooKeeperLockObject.clearGlobalWriteLockNoWait(ZooKeeperLockObject.java:100) at org.apache.manifoldcf.core.lockmanager.LockObject.clearGlobalWriteLock(LockObject.java:160) at org.apache.manifoldcf.core.lockmanager.LockObject.leaveWriteLock(LockObject.java:141) at org.apache.manifoldcf.core.lockmanager.LockGate.leaveWriteLock(LockGate.java:205) at org.apache.manifoldcf.core.lockmanager.BaseLockManager.leaveWrite(BaseLockManager.java:1224) at org.apache.manifoldcf.core.lockmanager.BaseLockManager.leaveWriteLock(BaseLockManager.java:771) at org.apache.manifoldcf.core.connectorpool.ConnectorPool$Pool.pollAll(ConnectorPool.java:670) at org.apache.manifoldcf.core.connectorpool.ConnectorPool.pollAllConnectors(ConnectorPool.java:338) at org.apache.manifoldcf.agents.transformationconnectorpool.TransformationConnectorPool.pollAllConnectors(TransformationConnectorPool.java:121) at org.apache.manifoldcf.agents.system.IdleCleanupThread.run(IdleCleanupThread.java:91) {panel}",Major,Bug,55,12,3509,159,Short
"The WSDLReader should offer more methods to parse WSDL documents from dom, sax, etc...",,Critical,New Feature,86,14,0,0,Long-running
Switch docker images to eclipse temurin base,"The openjdk images have been deprecated, causing our images to be rejected from, official-images; switch to Temurin.",Major,Technical Debt,44,7,116,17,Short
should document how to configure Hadoop to log through Chukwa,Chukwa admin guide should explain how to configure Hadoop so that Chukwa will collect its logs properly.,Blocker,Bug,61,10,104,17,Standard
